{
	"info": {
		"_postman_id": "6e89df3b-d4cf-4a90-aa37-a7780b91f207",
		"name": "On_Board_Process ",
		"schema": "https://schema.getpostman.com/json/collection/v2.1.0/collection.json"
	},
	"item": [
		{
			"name": "Create Bank (root)",
			"event": [
				{
					"listen": "test",
					"script": {
						"id": "28152c63-58af-4ef6-a574-f6268010e8a9",
						"exec": [
							"var response = JSON.parse(responseBody);",
							"postman.setEnvironmentVariable(\"Bank_Internal_ID\", response.id);",
							"console.log(\"creating bank le\");",
							""
						],
						"type": "text/javascript"
					}
				}
			],
			"request": {
				"method": "POST",
				"header": [
					{
						"key": "Content-Type",
						"value": "application/json"
					}
				],
				"body": {
					"mode": "raw",
					"raw": "{\r\n  \"externalId\": \"MegaBank\",\r\n  \"name\": \"MegaBank\",\r\n  \"parentExternalId\": \"Bank\",\r\n  \"type\": \"BANK\"\r\n}\r\n"
				},
				"url": {
					"raw": "{{url-integration}}legalentity-integration-service/v2/legalentities",
					"host": [
						"{{url-integration}}legalentity-integration-service"
					],
					"path": [
						"v2",
						"legalentities"
					]
				}
			},
			"response": []
		},
		{
			"name": "Create legal entity SupaDupa  (under MegBank)",
			"event": [
				{
					"listen": "test",
					"script": {
						"id": "decc73ce-af57-4ea8-9bbd-683410dcb76d",
						"exec": [
							"var response = JSON.parse(responseBody);",
							"postman.setEnvironmentVariable(\"Sara_Internal_ID\", response.id);",
							"console.log(\"creating Sara le\");",
							""
						],
						"type": "text/javascript"
					}
				}
			],
			"request": {
				"method": "POST",
				"header": [
					{
						"key": "Content-Type",
						"value": "application/json"
					}
				],
				"body": {
					"mode": "raw",
					"raw": "{\r\n  \"externalId\": \"SupaDupa\",\r\n  \"name\": \"SupaDupa\",\r\n  \"parentExternalId\": \"MegaBank\",\r\n  \"type\": \"CUSTOMER\"\r\n}\r\n"
				},
				"url": {
					"raw": "http://localhost:8086/legalentity-integration-service/v2/legalentities",
					"protocol": "http",
					"host": [
						"localhost"
					],
					"port": "8086",
					"path": [
						"legalentity-integration-service",
						"v2",
						"legalentities"
					]
				}
			},
			"response": []
		},
		{
			"name": "Create User SupaDupa",
			"event": [
				{
					"listen": "test",
					"script": {
						"id": "f33c89fa-1eda-414a-baf3-cc13d988b8cc",
						"exec": [
							"var response = JSON.parse(responseBody);",
							"postman.setEnvironmentVariable(\"Sara_Internal_User_ID\", response.id);"
						],
						"type": "text/javascript"
					}
				}
			],
			"request": {
				"method": "POST",
				"header": [
					{
						"key": "Content-Type",
						"value": "application/json"
					}
				],
				"body": {
					"mode": "raw",
					"raw": "{\r\n \"externalId\": \"SupaDupa\",\r\n \"ALEX_UserExternalID\": \"SupaDupa\",\r\n \"fullName\": \"SupaDupa\" \r\n}\r\n\r\n"
				},
				"url": {
					"raw": "{{url-integration}}user-integration-service/v2/users",
					"host": [
						"{{url-integration}}user-integration-service"
					],
					"path": [
						"v2",
						"users"
					]
				}
			},
			"response": []
		},
		{
			"name": "Create Product Catalogue with one product: Current Account for SupaDupa",
			"request": {
				"method": "POST",
				"header": [
					{
						"key": "Content-Type",
						"value": "application/json"
					}
				],
				"body": {
					"mode": "raw",
					"raw": "{\r\n    \"id\": \"productId\",\r\n    \"productKindId\": \"kind1\",\r\n    \"productKindName\": \"Current Account\",\r\n    \"productTypeId\": \"01\",\r\n    \"productTypeName\": \"Current Account\"\r\n}\r\n"
				},
				"url": {
					"raw": "{{url-product-summary}}arrangements-integration-service/v2/products",
					"host": [
						"{{url-product-summary}}arrangements-integration-service"
					],
					"path": [
						"v2",
						"products"
					]
				}
			},
			"response": []
		},
		{
			"name": "Create Arrangement (Accoun) for SupaDupa",
			"event": [
				{
					"listen": "test",
					"script": {
						"id": "a6668424-a3c9-4b10-88b9-d4510c781c32",
						"exec": [
							"var response = JSON.parse(responseBody);",
							"postman.setEnvironmentVariable(\"ACC2\", response.id);"
						],
						"type": "text/javascript"
					}
				}
			],
			"request": {
				"method": "POST",
				"header": [
					{
						"key": "Content-Type",
						"value": "application/json"
					}
				],
				"body": {
					"mode": "raw",
					"raw": "{\r\n\"id\": \"SupaDupa account2\",\r\n\"legalEntityIds\": [\"SupaDupa\"],\r\n\"productId\": \"productId\",\r\n\"name\": \"SupaDupa Account\",\r\n\"alias\": \"Shopping Account\",\r\n\"bookedBalance\": 2800.1,\r\n\"availableBalance\": 1100.2,\r\n\"creditLimit\": 100.3,\r\n\"IBAN\": \"NL67ABNA1070230618\",\r\n\"BBAN\": \"BBAN\",\r\n\"currency\": \"USD\",\r\n\"externalTransferAllowed\": true,\r\n\"urgentTransferAllowed\": false,\r\n\"accruedInterest\": 100.00,\r\n\"number\": \"PANS\",\r\n\"principalAmount\": 100.4,\r\n\"currentInvestmentValue\": 100.5,\r\n\"BIC\": \"BIC234\",\r\n\"bankBranchCode\": \"bankBranchCode1\"\r\n}"
				},
				"url": {
					"raw": "{{url-product-summary}}arrangements-integration-service/v2/arrangements",
					"host": [
						"{{url-product-summary}}arrangements-integration-service"
					],
					"path": [
						"v2",
						"arrangements"
					]
				}
			},
			"response": []
		},
		{
			"name": "Get Legal Entity details (SupaDupa)",
			"event": [
				{
					"listen": "test",
					"script": {
						"id": "f46f106e-08c2-4cf5-81da-08d919beaf4e",
						"exec": [
							"var response = JSON.parse(responseBody);",
							"",
							"postman.setEnvironmentVariable(\"msaIdForJohn\", response.id);",
							"setTimeout(function(){}, 2000);",
							""
						],
						"type": "text/javascript"
					}
				}
			],
			"request": {
				"method": "GET",
				"header": [],
				"url": {
					"raw": "{{url-integration}}legalentity-integration-service/v2/legalentities/SupaDupa",
					"host": [
						"{{url-integration}}legalentity-integration-service"
					],
					"path": [
						"v2",
						"legalentities",
						"SupaDupa"
					]
				}
			},
			"response": []
		},
		{
			"name": "Get Master (Single) Service Agreement details for Legal Entity (SupaDupa)",
			"event": [
				{
					"listen": "test",
					"script": {
						"id": "035f4d89-40f9-4861-845f-9f2b9d25c700",
						"exec": [
							"var response = JSON.parse(responseBody);",
							"",
							"postman.setEnvironmentVariable(\"msaIdForSara\", response.id);",
							"setTimeout(function(){}, 2000);"
						],
						"type": "text/javascript"
					}
				}
			],
			"request": {
				"method": "GET",
				"header": [],
				"url": {
					"raw": "{{url-integration}}legalentity-integration-service/v2/legalentities/SupaDupa/serviceagreements/master",
					"host": [
						"{{url-integration}}legalentity-integration-service"
					],
					"path": [
						"v2",
						"legalentities",
						"SupaDupa",
						"serviceagreements",
						"master"
					]
				}
			},
			"response": []
		},
		{
			"name": "Set external Id to SupaDupa Master (Single) Service Agreement",
			"request": {
				"method": "PUT",
				"header": [
					{
						"key": "Content-Type",
						"value": "application/json"
					}
				],
				"body": {
					"mode": "raw",
					"raw": "{\r\n  \"externalId\": \"SupaDupa_external\"\r\n}"
				},
				"url": {
					"raw": "{{url-integration}}accessgroup-integration-service/v2/accessgroups/serviceagreements/ff8081816dbbbbd7016dbbc5ac440001",
					"host": [
						"{{url-integration}}accessgroup-integration-service"
					],
					"path": [
						"v2",
						"accessgroups",
						"serviceagreements",
						"ff8081816dbbbbd7016dbbc5ac440001"
					]
				},
				"description": "!!! Copy ID from previous request !!!"
			},
			"response": []
		},
		{
			"name": "Create datag group for master service agreement of SupaDupa",
			"event": [
				{
					"listen": "test",
					"script": {
						"id": "c803120d-33c9-47cc-899a-a6c7e5c43468",
						"exec": [
							"var response = JSON.parse(responseBody);",
							"postman.setEnvironmentVariable(\"DG_John\", response.id);"
						],
						"type": "text/javascript"
					}
				}
			],
			"request": {
				"method": "POST",
				"header": [
					{
						"key": "Content-Type",
						"value": "application/json"
					}
				],
				"body": {
					"mode": "raw",
					"raw": "{\r\n  \"name\": \"SupaDupa single account\",\r\n  \"description\": \"SupaDupa accesses his account\",\r\n  \"externalServiceAgreementId\": \"SupaDupa_external\",\r\n  \"type\": \"ARRANGEMENTS\",\r\n  \"items\": [\r\n    \"ff8081816dbc0c01016dbd15c35a0002\"\r\n  ]\r\n}"
				},
				"url": {
					"raw": "{{url-integration}}accessgroup-integration-service/v2/accessgroups/data-groups",
					"host": [
						"{{url-integration}}accessgroup-integration-service"
					],
					"path": [
						"v2",
						"accessgroups",
						"data-groups"
					]
				},
				"description": "copy id from create arrangement request"
			},
			"response": []
		},
		{
			"name": "Create Function Group for MSA of SupaDupa",
			"event": [
				{
					"listen": "test",
					"script": {
						"id": "ec3f0635-15c9-443a-8012-6b4a474ccf4e",
						"exec": [
							"var response = JSON.parse(responseBody);",
							"postman.setEnvironmentVariable(\"FG_John_View\", response.id);"
						],
						"type": "text/javascript"
					}
				}
			],
			"request": {
				"method": "POST",
				"header": [
					{
						"key": "Content-Type",
						"value": "application/json"
					}
				],
				"body": {
					"mode": "raw",
					"raw": "{\r\n  \"name\": \"Viewer\",\r\n  \"description\": \"This profile will control viewing\",\r\n  \"externalServiceAgreementId\": \"SupaDupa_external\",\r\n  \"permissions\": [\r\n    {\r\n      \"functionId\": \"{{FG_ID_PRODUCT_SUMMARY}}\",\r\n      \"assignedPrivileges\": [{\r\n        \"privilege\": \"view\"\r\n      }]\r\n    },\r\n    {\r\n      \"functionId\": \"{{FG_ID_MANAGE_TRANSACTIONS}}\",\r\n      \"assignedPrivileges\": [{\r\n        \"privilege\": \"view\"\r\n      }]\r\n    }\r\n\r\n  ]\r\n}"
				},
				"url": {
					"raw": "{{url-integration}}accessgroup-integration-service/v2/accessgroups/function-groups",
					"host": [
						"{{url-integration}}accessgroup-integration-service"
					],
					"path": [
						"v2",
						"accessgroups",
						"function-groups"
					]
				}
			},
			"response": []
		},
		{
			"name": "Assign Permission to SupaDupa",
			"request": {
				"method": "PUT",
				"header": [
					{
						"key": "Content-Type",
						"value": "application/json"
					}
				],
				"body": {
					"mode": "raw",
					"raw": "[\r\n  {\r\n    \"externalServiceAgreementId\": \"SupaDupa_external\",\r\n    \"externalUserId\": \"SupaDupa\",\r\n    \"functionGroupDataGroups\": [\r\n      {\r\n        \"functionGroupIdentifier\": {\r\n          \"idIdentifier\": \"ff8081816dbc0a98016dbd0cf9760006\"\r\n        },\r\n        \"dataGroupIdentifiers\": [\r\n          {\r\n            \"idIdentifier\": \"ff8081816dbc0a98016dbd16288f0009\"\r\n          }\r\n        ]\r\n      }\r\n    ]\r\n  }\r\n]"
				},
				"url": {
					"raw": "{{url-integration}}accessgroup-integration-service/v2/accessgroups/users/permissions/user-permissions",
					"host": [
						"{{url-integration}}accessgroup-integration-service"
					],
					"path": [
						"v2",
						"accessgroups",
						"users",
						"permissions",
						"user-permissions"
					]
				}
			},
			"response": []
		}
	],
	"protocolProfileBehavior": {}
}