{
  "$schema": "http://json-schema.org/draft-04/schema#",
  "type": "object",
  "properties": {
    "firstName": {
      "type": "string"
    },
    "lastName": {
      "type": "string"
    },
    "dateOfBirth": {
      "type": "string"
    },
    "email": {
      "type": "string"
    },
    "address": {
      "type": "object",
      "$ref": "onboardingAddress.json"
    },
    "statusId": {
      "type": "number"
    },
    "serviceBranchId": {
      "type": "number"
    },
    "rankId": {
      "type": "number"
    },
    "payGradeId": {
      "type": "number"
    },
    "ssn": {
      "type": "string"
    }
  },
  "required": [
    "firstName",
    "lastName",
    "email",
    "ssn"
  ]
}